{"episode_types": ["t", "t", "t", "t", "t", "t", "t", "t", "t", "t"], "episode_lengths": [359, 505, 211, 172, 181, 234, 220, 168, 176, 233], "episode_rewards": [3.0, 6.0, 1.0, 0.0, 0.0, 1.0, 1.0, 0.0, 0.0, 1.0], "timestamps": [1534346940.1147552, 1534347036.5841086, 1534347077.9213712, 1534347110.655516, 1534347144.896055, 1534347208.8880694, 1534347278.3189914, 1534347327.3385124, 1534347372.1958756, 1534347432.8333254], "initial_reset_timestamp": 1534346871.9944022}