{"episode_lengths": [173, 276, 281, 334, 299, 338, 209, 280, 304, 210], "episode_rewards": [0.0, 2.0, 2.0, 3.0, 2.0, 3.0, 1.0, 2.0, 2.0, 1.0], "timestamps": [1534342953.050501, 1534343023.2652783, 1534343093.0254886, 1534343183.4524524, 1534343243.3972328, 1534343314.348829, 1534343405.20498, 1534343539.711433, 1534343623.9424093, 1534343672.2091572], "initial_reset_timestamp": 1534342909.0896702, "episode_types": ["t", "t", "t", "t", "t", "t", "t", "t", "t", "t"]}