{"timestamps": [1534344239.7736063, 1534344300.6255012, 1534344349.4173186, 1534344402.2929378, 1534344464.732673, 1534344503.055045, 1534344560.823216, 1534344595.9502509, 1534344628.0286646, 1534344695.0374131], "episode_types": ["t", "t", "t", "t", "t", "t", "t", "t", "t", "t"], "initial_reset_timestamp": 1534344171.464967, "episode_rewards": [3.0, 2.0, 0.0, 0.0, 1.0, 0.0, 2.0, 0.0, 0.0, 2.0], "episode_lengths": [340, 278, 174, 178, 211, 171, 308, 187, 170, 274]}