{"episode_types": ["t", "t", "t", "t", "t", "t", "t", "t", "t", "t"], "episode_lengths": [289, 311, 234, 309, 304, 176, 253, 180, 172, 231], "timestamps": [1534344917.5198653, 1534345001.8526642, 1534345064.588544, 1534345121.9296627, 1534345177.7146404, 1534345210.5604737, 1534345257.2560668, 1534345290.928431, 1534345322.684194, 1534345365.0430176], "initial_reset_timestamp": 1534344851.6944788, "episode_rewards": [2.0, 3.0, 1.0, 2.0, 2.0, 0.0, 2.0, 0.0, 0.0, 1.0]}