{"timestamps": [1534345629.2051885, 1534345704.7848554, 1534345770.6711802, 1534345842.0347252, 1534345894.6854188, 1534345931.5201528, 1534345978.897319, 1534346028.630301, 1534346089.3210561, 1534346127.5570655], "initial_reset_timestamp": 1534345575.6642857, "episode_lengths": [281, 365, 295, 342, 249, 174, 225, 235, 287, 183], "episode_rewards": [2.0, 3.0, 2.0, 3.0, 1.0, 0.0, 1.0, 1.0, 2.0, 0.0], "episode_types": ["t", "t", "t", "t", "t", "t", "t", "t", "t", "t"]}