{"initial_reset_timestamp": 1534348038.388399, "episode_lengths": [311, 392, 209, 171, 282, 371, 193, 247, 241, 317], "episode_rewards": [2.0, 4.0, 1.0, 0.0, 2.0, 3.0, 0.0, 2.0, 1.0, 2.0], "timestamps": [1534348120.3804538, 1534348221.152965, 1534348280.4826682, 1534348323.7393568, 1534348410.0731428, 1534348515.530219, 1534348568.4330003, 1534348642.0117302, 1534348688.830205, 1534348747.412735], "episode_types": ["t", "t", "t", "t", "t", "t", "t", "t", "t", "t"]}