{"episode_lengths": [250, 174, 413, 233, 269, 179, 170, 206, 171, 225], "episode_rewards": [1.0, 0.0, 4.0, 1.0, 2.0, 0.0, 0.0, 1.0, 0.0, 1.0], "episode_types": ["t", "t", "t", "t", "t", "t", "t", "t", "t", "t"], "timestamps": [1534623156.3943808, 1534623193.182093, 1534623281.83884, 1534623341.4683585, 1534623400.90872, 1534623446.1607282, 1534623491.3009858, 1534623549.1138184, 1534623586.7079031, 1534623648.1860642], "initial_reset_timestamp": 1534623097.5171354}